Unnamed: 0,ARTIST,SONG_NAME,SONG_LINK,LYRIC
8000,Deftones,Lovers,https://songmeanings.com/songs/view/3530822107858520714/,
8001,Deftones,Lucky You,https://songmeanings.com/songs/view/3530822107858485436/,
8002,Deftones,Mascara,https://songmeanings.com/songs/view/3693/,
8003,Deftones,Mein,https://songmeanings.com/songs/view/3530822107858631029/,
8004,Deftones,Minerva,https://songmeanings.com/songs/view/3530822107858485431/,
8005,Deftones,Minus Blindfold,https://songmeanings.com/songs/view/3682/,
8006,Deftones,Moana,https://songmeanings.com/songs/view/3530822107858485438/,
8007,Deftones,MX,https://songmeanings.com/songs/view/2042/,
8008,Deftones,My Own Summer (Shove It),https://songmeanings.com/songs/view/2043/,
8009,Deftones,Needles and Pins,https://songmeanings.com/songs/view/3530822107858485430/,
8010,Deftones,Never Let Me Down Again,https://songmeanings.com/songs/view/3530822107858605605/,
8011,Deftones,Night Boat (Duran Duran cover),https://songmeanings.com/songs/view/3530822107858547674/,
8012,Deftones,No Ordinary Love (Sade cover),https://songmeanings.com/songs/view/43863/,
8013,Deftones,Nosebleed,https://songmeanings.com/songs/view/3684/,
8014,Deftones,One Weak,https://songmeanings.com/songs/view/3683/,
8015,Deftones,Passenger,https://songmeanings.com/songs/view/3868/,
8016,Deftones,Phantom Bride,https://songmeanings.com/songs/view/3530822107859524251/,
8017,Deftones,Pink Cellphone,https://songmeanings.com/songs/view/3530822107858631798/,
8018,Deftones,Pink Maggit,https://songmeanings.com/songs/view/3869/,
8019,Deftones,Pittura Infamante,https://songmeanings.com/songs/view/3530822107859524507/,
8020,Deftones,Plastic,https://songmeanings.com/songs/view/3861/,
8021,Deftones,"Please, Please, Please Let Me Get What I Want (The Smiths cover)",https://songmeanings.com/songs/view/3707/,
8022,Deftones,Poltergeist,https://songmeanings.com/songs/view/3530822107859443745/,
8023,Deftones,Prayers/Triangles,https://songmeanings.com/songs/view/3530822107859520968/,
8024,Deftones,Prince,https://songmeanings.com/songs/view/3530822107858821662/,
8025,Deftones,Rapture,https://songmeanings.com/songs/view/3530822107858627827/,
8026,Deftones,Rats!Rats!Rats!,https://songmeanings.com/songs/view/3530822107858631796/,
8027,Deftones,Revenge of the Nerds,https://songmeanings.com/songs/view/3530822107858634994/,
8028,Deftones,Rickets,https://songmeanings.com/songs/view/62197/,
8029,Deftones,Right Brigade (Bad Brains cover),https://songmeanings.com/songs/view/3530822107859528805/,
8030,Deftones,Risk,https://songmeanings.com/songs/view/3530822107858821664/,
8031,Deftones,Riviere,https://songmeanings.com/songs/view/3530822107858631582/,
8032,Deftones,Rocket Skates,https://songmeanings.com/songs/view/3530822107858817601/,
8033,Deftones,Romantic Dreams,https://songmeanings.com/songs/view/3530822107859443746/,
8034,Deftones,Root,https://songmeanings.com/songs/view/3686/,
8035,Deftones,Roots,https://songmeanings.com/songs/view/3530822107858577993/,
8036,Deftones,Rosemary,https://songmeanings.com/songs/view/3530822107859443459/,
8037,Deftones,Royal,https://songmeanings.com/songs/view/3530822107858821658/,
8038,Deftones,Rubicon,https://songmeanings.com/songs/view/3530822107859524478/,
8039,Deftones,Rx Queen,https://songmeanings.com/songs/view/3870/,
8040,Deftones,Savory (Jawbox cover),https://songmeanings.com/songs/view/3706/,
8041,Deftones,Say It Ain't So (Weezer cover),https://songmeanings.com/songs/view/74197/,
8042,Deftones,Sextape,https://songmeanings.com/songs/view/3530822107858821663/,
8043,Deftones,Simple Man (Lynyrd Skynyrd cover),https://songmeanings.com/songs/view/3530822107858563495/,
8044,Deftones,Sinatra (Helmet cover),https://songmeanings.com/songs/view/3530822107858509646/,
8045,Deftones,Sleep Walk (Santo and Jonny cover),https://songmeanings.com/songs/view/3530822107858864236/,
8046,Deftones,Smile,https://songmeanings.com/songs/view/3530822107859480662/,
8047,Deftones,Some People,https://songmeanings.com/songs/view/3705/,
8048,Deftones,South of Heaven (Slayer cover),https://songmeanings.com/songs/view/3530822107859528806/,
8049,Deftones,Street Carp,https://songmeanings.com/songs/view/3871/,
8050,Deftones,Subliminal (Suicidal Tendencies cover),https://songmeanings.com/songs/view/3530822107858547673/,
8051,Deftones,Sweetest Perfection (Depeche Mode cover),https://songmeanings.com/songs/view/3530822107858485440/,
8052,Deftones,Swerve City,https://songmeanings.com/songs/view/3530822107859443747/,
8053,Deftones,Teclo,https://songmeanings.com/songs/view/3530822107859528807/,
8054,Deftones,Teenager,https://songmeanings.com/songs/view/34193/,
8055,Deftones,Teenager (Idiot version),https://songmeanings.com/songs/view/3530822107858757987/,
8056,Deftones,Teething,https://songmeanings.com/songs/view/145182/,
8057,Deftones,Tempest,https://songmeanings.com/songs/view/3530822107859441853/,
8058,Deftones,The Boy's Republic,https://songmeanings.com/songs/view/3865/,
8059,Deftones,The Chauffeur (Duran Duran cover),https://songmeanings.com/songs/view/3710/,
8060,Deftones,This Place Is Death,https://songmeanings.com/songs/view/3530822107858821666/,
8061,Deftones,To Have and to Hold (Depeche Mode cover),https://songmeanings.com/songs/view/3711/,
8062,Deftones,"U, U, D, D, L, R, L, R, A, B, Select, Start",https://songmeanings.com/songs/view/3530822107859286577/,
8063,Deftones,Venison,https://songmeanings.com/songs/view/3458764513820546463/,
8064,Deftones,Wax and Wane (Cocteau Twins cover),https://songmeanings.com/songs/view/3530822107858558454/,
8065,Deftones,What Happened to You?,https://songmeanings.com/songs/view/3530822107859443752/,
8066,Deftones,When Girls Telephone Boys,https://songmeanings.com/songs/view/3530822107858485434/,
8067,Deftones,Wicked,https://songmeanings.com/songs/view/116324/,
8068,Deftones,Xenon,https://songmeanings.com/songs/view/3530822107859524250/,
8069,Deftones,Xerces,https://songmeanings.com/songs/view/3530822107858632885/,
8070,Deftones,You've Seen the Butcher,https://songmeanings.com/songs/view/3530822107858821660/,
8071,Tegan and Sara,100x,https://songmeanings.com/songs/view/3530822107859527615/,
8072,Tegan and Sara,All I Have to Give the World Is Me,https://songmeanings.com/songs/view/3530822107859595708/,
8073,Tegan and Sara,All You Got,https://songmeanings.com/songs/view/46715/,
8074,Tegan and Sara,Alligator,https://songmeanings.com/songs/view/3530822107858799539/,
8075,Tegan and Sara,And Darling (This Thing That Breaks My Heart),https://songmeanings.com/songs/view/3458764513820548922/,
8076,Tegan and Sara,Are You Ten Years Ago,https://songmeanings.com/songs/view/3530822107858665792/,
8077,Tegan and Sara,Arrow,https://songmeanings.com/songs/view/3530822107858801254/,
8078,Tegan and Sara,Back in Your Head,https://songmeanings.com/songs/view/3530822107858665793/,
8079,Tegan and Sara,Beauty,https://songmeanings.com/songs/view/3530822107858510168/,
8080,Tegan and Sara,Body Work,https://songmeanings.com/songs/view/3530822107858865863/,
8081,Tegan and Sara,Boyfriend,https://songmeanings.com/songs/view/3530822107859524629/,
8082,Tegan and Sara,Buried Alive,https://songmeanings.com/songs/view/3458764513820548903/,
8083,Tegan and Sara,Burn Your Life Down,https://songmeanings.com/songs/view/3530822107858665796/,
8084,Tegan and Sara,BWU,https://songmeanings.com/songs/view/3530822107859527616/,
8085,Tegan and Sara,Bye!,https://songmeanings.com/songs/view/3530822107859594724/,
8086,Tegan and Sara,Call It Off,https://songmeanings.com/songs/view/3530822107858665801/,
8087,Tegan and Sara,Celebration,https://songmeanings.com/songs/view/3530822107858520001/,
8088,Tegan and Sara,City Girl,https://songmeanings.com/songs/view/3458764513820548919/,
8089,Tegan and Sara,Clever Meals,https://songmeanings.com/songs/view/46723/,
8090,Tegan and Sara,Clever Meals (Version 2),https://songmeanings.com/songs/view/3458764513820560965/,
8091,Tegan and Sara,Closer,https://songmeanings.com/songs/view/3530822107859440213/,
8092,Tegan and Sara,Come On,https://songmeanings.com/songs/view/70406/,
8093,Tegan and Sara,Come on Kids,https://songmeanings.com/songs/view/3458764513820548910/,
8094,Tegan and Sara,Dancing in the Dark (Bruce Springsteen cover),https://songmeanings.com/songs/view/3530822107858693590/,
8095,Tegan and Sara,Dark Come Soon,https://songmeanings.com/songs/view/3530822107858665800/,
8096,Tegan and Sara,Days & Days,https://songmeanings.com/songs/view/3530822107858749012/,
8097,Tegan and Sara,Divided,https://songmeanings.com/songs/view/46724/,
8098,Tegan and Sara,Don't Be Cruel,https://songmeanings.com/songs/view/3530822107858510169/,
8099,Tegan and Sara,Don't Believe the Things They Tell You (They Lie),https://songmeanings.com/songs/view/3530822107859595700/,
8100,Tegan and Sara,Don't Confess,https://songmeanings.com/songs/view/3458764513820548924/,
8101,Tegan and Sara,Don't Find Another Love,https://songmeanings.com/songs/view/3530822107859475906/,
8102,Tegan and Sara,Don't Go Looking,https://songmeanings.com/songs/view/3530822107858520004/,
8103,Tegan and Sara,Don't Rush,https://songmeanings.com/songs/view/3530822107858801246/,
8104,Tegan and Sara,Downtown,https://songmeanings.com/songs/view/3530822107858519995/,
8105,Tegan and Sara,Drove Me Wild,https://songmeanings.com/songs/view/3530822107859448462/,
8106,Tegan and Sara,Dying to Know,https://songmeanings.com/songs/view/3530822107859527612/,
8107,Tegan and Sara,Emaculation,https://songmeanings.com/songs/view/3530822107858520006/,
8108,Tegan and Sara,Empty in Between,https://songmeanings.com/songs/view/3530822107858482968/,
8109,Tegan and Sara,Everything Is Awesome,https://songmeanings.com/songs/view/3530822107859476431/,
8110,Tegan and Sara,Faint of Heart,https://songmeanings.com/songs/view/3530822107859527611/,
8111,Tegan and Sara,Falling Asleep,https://songmeanings.com/songs/view/3530822107858510170/,
8112,Tegan and Sara,Feel It in My Bones,https://songmeanings.com/songs/view/3530822107858792483/,
8113,Tegan and Sara,Fix You Up,https://songmeanings.com/songs/view/3530822107858519997/,
8114,Tegan and Sara,Floorplan,https://songmeanings.com/songs/view/3530822107858665798/,
8115,Tegan and Sara,Freedom,https://songmeanings.com/songs/view/70404/,
8116,Tegan and Sara,Frozen,https://songmeanings.com/songs/view/70400/,
8117,Tegan and Sara,Give Chase,https://songmeanings.com/songs/view/3530822107858742890/,
8118,Tegan and Sara,Goodbye,https://songmeanings.com/songs/view/3458764513820548905/,
8119,Tegan and Sara,"Goodbye, Goodbye",https://songmeanings.com/songs/view/3530822107859448461/,
8120,Tegan and Sara,Guilty as Charged,https://songmeanings.com/songs/view/3530822107859448466/,
8121,Tegan and Sara,Hang On to the Night,https://songmeanings.com/songs/view/3530822107859527617/,
8122,Tegan and Sara,Heavy,https://songmeanings.com/songs/view/123907/,
8123,Tegan and Sara,Hell,https://songmeanings.com/songs/view/3530822107858799323/,
8124,Tegan and Sara,Hello,https://songmeanings.com/songs/view/3458764513820548914/,
8125,Tegan and Sara,Hello Goodbye,https://songmeanings.com/songs/view/3530822107858589633/,
8126,Tegan and Sara,"Hello, I'm Right Here",https://songmeanings.com/songs/view/3530822107859595701/,
8127,Tegan and Sara,Here I Am,https://songmeanings.com/songs/view/3458764513820548912/,
8128,Tegan and Sara,"Hey, I'm Just Like You",https://songmeanings.com/songs/view/3530822107859595698/,
8129,Tegan and Sara,His Love,https://songmeanings.com/songs/view/3530822107858715586/,
8130,Tegan and Sara,Hold My Breath Until I Die,https://songmeanings.com/songs/view/3530822107859595697/,
8131,Tegan and Sara,Hop a Plane,https://songmeanings.com/songs/view/3530822107858665794/,
8132,Tegan and Sara,How Come You Don't Want Me,https://songmeanings.com/songs/view/3530822107859448463/,
8133,Tegan and Sara,Hype,https://songmeanings.com/songs/view/70401/,
8134,Tegan and Sara,I Bet It Stung,https://songmeanings.com/songs/view/3530822107858517620/,
8135,Tegan and Sara,I Can't Take It,https://songmeanings.com/songs/view/3530822107858514216/,
8136,Tegan and Sara,I Couldn't Be Your Friend,https://songmeanings.com/songs/view/3530822107859448464/,
8137,Tegan and Sara,I Don't Owe You Anything,https://songmeanings.com/songs/view/3530822107859595702/,
8138,Tegan and Sara,I Hear Noises,https://songmeanings.com/songs/view/142511/,
8139,Tegan and Sara,I Know I Know I Know,https://songmeanings.com/songs/view/3530822107858514172/,
8140,Tegan and Sara,I Know I'm Not the Only One,https://songmeanings.com/songs/view/3530822107859595703/,
8141,Tegan and Sara,I Run Empty,https://songmeanings.com/songs/view/3530822107859448467/,
8142,Tegan and Sara,I Take All the Blame,https://songmeanings.com/songs/view/3530822107858693541/,
8143,Tegan and Sara,I Was a Fool,https://songmeanings.com/songs/view/3530822107859448095/,
8144,Tegan and Sara,I Was Married,https://songmeanings.com/songs/view/3530822107858665787/,
8145,Tegan and Sara,I Won't Be Left,https://songmeanings.com/songs/view/3530822107858519998/,
8146,Tegan and Sara,I'll Be Back Someday,https://songmeanings.com/songs/view/3530822107859595699/,
8147,Tegan and Sara,I'm Not Your Hero,https://songmeanings.com/songs/view/3530822107859443008/,
8148,Tegan and Sara,In Your Room (The Bangles cover),https://songmeanings.com/songs/view/3530822107858520007/,
8149,Tegan and Sara,Infamous,https://songmeanings.com/songs/view/3458764513820548906/,
8150,Tegan and Sara,It Was Midnight,https://songmeanings.com/songs/view/3530822107858802459/,
8151,Tegan and Sara,Just Me,https://songmeanings.com/songs/view/3458764513820548911/,
8152,Tegan and Sara,Keep Them Close 'Cause They Will Fuck You Too,https://songmeanings.com/songs/view/3530822107859595705/,
8153,Tegan and Sara,Knife Going In,https://songmeanings.com/songs/view/3530822107858665791/,
8154,Tegan and Sara,Lately,https://songmeanings.com/songs/view/3530822107858510172/,
8155,Tegan and Sara,Left Me to Wonder,https://songmeanings.com/songs/view/3530822107858510173/,
8156,Tegan and Sara,Light Up,https://songmeanings.com/songs/view/3530822107858802372/,
8157,Tegan and Sara,"Like O, Like H",https://songmeanings.com/songs/view/3530822107858665799/,
8158,Tegan and Sara,Living Room,https://songmeanings.com/songs/view/142505/,
8159,Tegan and Sara,Love They Say,https://songmeanings.com/songs/view/3530822107859448465/,
8160,Tegan and Sara,Love Type Thing,https://songmeanings.com/songs/view/3530822107858513289/,
8161,Tegan and Sara,Miami Still,https://songmeanings.com/songs/view/3530822107859594723/,
8162,Tegan and Sara,Missing You,https://songmeanings.com/songs/view/3530822107858520212/,
8163,Tegan and Sara,Missing You (Version 2),https://songmeanings.com/songs/view/3530822107858734947/,
8164,Tegan and Sara,Monday Monday Monday,https://songmeanings.com/songs/view/3458764513820548918/,
8165,Tegan and Sara,More for Me,https://songmeanings.com/songs/view/46717/,
8166,Tegan and Sara,Morning Comes,https://songmeanings.com/songs/view/3530822107858510174/,
8167,Tegan and Sara,My Number,https://songmeanings.com/songs/view/70402/,
8168,Tegan and Sara,Night Watch,https://songmeanings.com/songs/view/3530822107858801235/,
8169,Tegan and Sara,Nineteen,https://songmeanings.com/songs/view/3530822107858665797/,
8170,Tegan and Sara,Northshore,https://songmeanings.com/songs/view/3530822107858801152/,
8171,Tegan and Sara,Not Tonight,https://songmeanings.com/songs/view/3458764513820548920/,
8172,Tegan and Sara,Not with You,https://songmeanings.com/songs/view/70405/,
8173,Tegan and Sara,Now I'm All Messed Up,https://songmeanings.com/songs/view/3530822107859441306/,
8174,Tegan and Sara,On Directing,https://songmeanings.com/songs/view/3530822107858799543/,
8175,Tegan and Sara,One Month,https://songmeanings.com/songs/view/3458764513820548907/,
8176,Tegan and Sara,One Second,https://songmeanings.com/songs/view/3530822107858693290/,
8177,Tegan and Sara,Our Trees,https://songmeanings.com/songs/view/123905/,
8178,Tegan and Sara,Painting Songs,https://songmeanings.com/songs/view/3530822107858710496/,
8179,Tegan and Sara,Paperback Head,https://songmeanings.com/songs/view/3530822107858801238/,
8180,Tegan and Sara,Please Help Me,https://songmeanings.com/songs/view/3530822107859595704/,
8181,Tegan and Sara,Plunk Song,https://songmeanings.com/songs/view/3458764513820548932/,
8182,Tegan and Sara,Proud,https://songmeanings.com/songs/view/70399/,
8183,Tegan and Sara,Proud (Orange Demo),https://songmeanings.com/songs/view/3530822107858829044/,
8184,Tegan and Sara,Rebel Rebel (David Bowie cover),https://songmeanings.com/songs/view/3530822107858740705/,
8185,Tegan and Sara,Red Belt,https://songmeanings.com/songs/view/3530822107858800063/,
8186,Tegan and Sara,Relief Next to Me,https://songmeanings.com/songs/view/3530822107858665788/,
8187,Tegan and Sara,Sentimental Tune,https://songmeanings.com/songs/view/3530822107858801240/,
8188,Tegan and Sara,Sheets,https://songmeanings.com/songs/view/3530822107858804194/,
8189,Tegan and Sara,Shock to Your System,https://songmeanings.com/songs/view/3530822107859448084/,
8190,Tegan and Sara,So Jealous,https://songmeanings.com/songs/view/3530822107858639142/,
8191,Tegan and Sara,"Soil, Soil",https://songmeanings.com/songs/view/3530822107858665795/,
8192,Tegan and Sara,Someday,https://songmeanings.com/songs/view/3530822107858801149/,
8193,Tegan and Sara,Speak Slow,https://songmeanings.com/songs/view/3530822107858519996/,
8194,Tegan and Sara,Star Money,https://songmeanings.com/songs/view/3458764513820548913/,
8195,Tegan and Sara,Stop Desire,https://songmeanings.com/songs/view/3530822107859527613/,
8196,Tegan and Sara,Superstar,https://songmeanings.com/songs/view/46722/,
8197,Tegan and Sara,Sweet November,https://songmeanings.com/songs/view/3530822107858846473/,
8198,Tegan and Sara,Take Me Anywhere,https://songmeanings.com/songs/view/3530822107858517619/,
8199,Tegan and Sara,Terrible Storm,https://songmeanings.com/songs/view/3458764513820548921/,
8200,Tegan and Sara,That Girl,https://songmeanings.com/songs/view/3530822107859527610/,
8201,Tegan and Sara,The Chipmunk Song (Christmas Time Is Here),https://songmeanings.com/songs/view/3530822107859476404/,
8202,Tegan and Sara,The Con,https://songmeanings.com/songs/view/3530822107858665790/,
8203,Tegan and Sara,The Cure,https://songmeanings.com/songs/view/3530822107858800106/,
8204,Tegan and Sara,The First,https://songmeanings.com/songs/view/46718/,
8205,Tegan and Sara,The Ocean,https://songmeanings.com/songs/view/3530822107858800396/,
8206,Tegan and Sara,They're Waiting for You,https://songmeanings.com/songs/view/3530822107858520005/,
8207,Tegan and Sara,This Is Everything,https://songmeanings.com/songs/view/123906/,
8208,Tegan and Sara,Time Running,https://songmeanings.com/songs/view/3458764513820548916/,
8209,Tegan and Sara,Tired of Sex (Weezer cover),https://songmeanings.com/songs/view/3530822107859445050/,
8210,Tegan and Sara,Trouble,https://songmeanings.com/songs/view/3530822107858488860/,
8211,Tegan and Sara,U-Turn,https://songmeanings.com/songs/view/3530822107859524631/,
8212,Tegan and Sara,Umbrella (Rihanna cover),https://songmeanings.com/songs/view/3530822107859445051/,
8213,Tegan and Sara,Underwater,https://songmeanings.com/songs/view/142506/,
8214,Tegan and Sara,Video,https://songmeanings.com/songs/view/3530822107859432333/,
8215,Tegan and Sara,Wake Up Exhausted,https://songmeanings.com/songs/view/3530822107858520000/,
8216,Tegan and Sara,Walking with a Ghost,https://songmeanings.com/songs/view/3530822107858510825/,
8217,Tegan and Sara,Want to Be Bad,https://songmeanings.com/songs/view/3458764513820548923/,
8218,Tegan and Sara,We Didn't Do It,https://songmeanings.com/songs/view/3530822107858519999/,
8219,Tegan and Sara,We Don't Have Fun When We're Together Anymore,https://songmeanings.com/songs/view/3530822107859595706/,
8220,Tegan and Sara,Welcome Home,https://songmeanings.com/songs/view/131670/,
8221,Tegan and Sara,When I Get Up,https://songmeanings.com/songs/view/3530822107858571773/,
8222,Tegan and Sara,When You Were Mine (Prince cover),https://songmeanings.com/songs/view/3530822107858613529/,
8223,Tegan and Sara,Where Does the Good Go,https://songmeanings.com/songs/view/3530822107858517621/,
8224,Tegan and Sara,White Knuckles,https://songmeanings.com/songs/view/3530822107859527614/,
8225,Tegan and Sara,Wrists,https://songmeanings.com/songs/view/3530822107858802371/,
8226,Tegan and Sara,You Go Away and I Don't Mind,https://songmeanings.com/songs/view/3530822107859595707/,
8227,Tegan and Sara,You Went Away,https://songmeanings.com/songs/view/3458764513820548917/,
8228,Tegan and Sara,You Wouldn't Like Me,https://songmeanings.com/songs/view/3530822107858514170/,
8229,Tegan and Sara,Your Game,https://songmeanings.com/songs/view/3530822107858793969/,
8230,Tegan and Sara,Your Love,https://songmeanings.com/songs/view/3458764513820548908/,
8231,The Cure,(I Don't Know What's Going) On,https://songmeanings.com/songs/view/3530822107859445589/,
8232,The Cure,10:15 Saturday Night,https://songmeanings.com/songs/view/7477/,
8233,The Cure,2 Late,https://songmeanings.com/songs/view/7595/,
8234,The Cure,39,https://songmeanings.com/songs/view/7647/,
8235,The Cure,A Boy I Never Knew,https://songmeanings.com/songs/view/3530822107858690811/,
8236,The Cure,A Chain of Flowers,https://songmeanings.com/songs/view/7576/,
8237,The Cure,A Few Hours After This...,https://songmeanings.com/songs/view/7543/,
8238,The Cure,A Foolish Arrangement,https://songmeanings.com/songs/view/7615/,
8239,The Cure,A Forest,https://songmeanings.com/songs/view/7498/,
8240,The Cure,A Hand Inside My Mouth,https://songmeanings.com/songs/view/3530822107859445586/,
8241,The Cure,A Japanese Dream,https://songmeanings.com/songs/view/7574/,
8242,The Cure,A Letter to Elise,https://songmeanings.com/songs/view/7606/,
8243,The Cure,A Man Inside My Mouth,https://songmeanings.com/songs/view/7554/,
8244,The Cure,A Night Like This,https://songmeanings.com/songs/view/7551/,
8245,The Cure,A Normal Story,https://songmeanings.com/songs/view/3530822107858665664/,
8246,The Cure,A Pink Dream,https://songmeanings.com/songs/view/7635/,
8247,The Cure,A Reflection,https://songmeanings.com/songs/view/3530822107858663814/,
8248,The Cure,A Short Term Effect,https://songmeanings.com/songs/view/7513/,
8249,The Cure,A Sign from God,https://songmeanings.com/songs/view/7639/,
8250,The Cure,A Strange Day,https://songmeanings.com/songs/view/7517/,
8251,The Cure,A Thousand Hours,https://songmeanings.com/songs/view/7571/,
8252,The Cure,Accuracy,https://songmeanings.com/songs/view/7478/,
8253,The Cure,Adonais,https://songmeanings.com/songs/view/7632/,
8254,The Cure,Airlock: The Soundtrack,https://songmeanings.com/songs/view/3530822107858663824/,
8255,The Cure,All Cats Are Grey,https://songmeanings.com/songs/view/7505/,
8256,The Cure,All I Have to Do Is Kill Her,https://songmeanings.com/songs/view/127066/,
8257,The Cure,All I Want,https://songmeanings.com/songs/view/7565/,
8258,The Cure,All Kinds of Stuff,https://songmeanings.com/songs/view/3530822107858726302/,
8259,The Cure,All Mine,https://songmeanings.com/songs/view/3530822107859445583/,
8260,The Cure,Alt.End,https://songmeanings.com/songs/view/3530822107858508195/,
8261,The Cure,Anniversary,https://songmeanings.com/songs/view/3530822107858508193/,
8262,The Cure,Another Day,https://songmeanings.com/songs/view/7480/,
8263,The Cure,"Another Girl, Another Planet (The Only Ones cover)",https://songmeanings.com/songs/view/3530822107858695194/,
8264,The Cure,Another Journey by Train,https://songmeanings.com/songs/view/3530822107858631780/,
8265,The Cure,Apart,https://songmeanings.com/songs/view/7600/,
8266,The Cure,Ariel,https://songmeanings.com/songs/view/82386/,
8267,The Cure,At Night,https://songmeanings.com/songs/view/7500/,
8268,The Cure,Babble,https://songmeanings.com/songs/view/7592/,
8269,The Cure,Bananafishbones,https://songmeanings.com/songs/view/7537/,
8270,The Cure,Bare,https://songmeanings.com/songs/view/7630/,
8271,The Cure,Before Three,https://songmeanings.com/songs/view/3530822107858508192/,
8272,The Cure,Believe,https://songmeanings.com/songs/view/3530822107858858034/,
8273,The Cure,Bird Mad Girl,https://songmeanings.com/songs/view/7532/,
8274,The Cure,Bloodflowers,https://songmeanings.com/songs/view/7648/,
8275,The Cure,Boys Don't Cry,https://songmeanings.com/songs/view/3036/,
8276,The Cure,Break,https://songmeanings.com/songs/view/3530822107859445574/,
8277,The Cure,Breathe,https://songmeanings.com/songs/view/7575/,
8278,The Cure,Burn,https://songmeanings.com/songs/view/7616/,
8279,The Cure,Carnage Visors,https://songmeanings.com/songs/view/3530822107858663823/,
8280,The Cure,Catch,https://songmeanings.com/songs/view/7557/,
8281,The Cure,Charlotte Sometimes,https://songmeanings.com/songs/view/7510/,
8282,The Cure,Ching Chang Chong,https://songmeanings.com/songs/view/3530822107858692734/,
8283,The Cure,Close to Me,https://songmeanings.com/songs/view/7550/,
8284,The Cure,Closedown,https://songmeanings.com/songs/view/7582/,
8285,The Cure,Cloudberry,https://songmeanings.com/songs/view/3530822107859445579/,
8286,The Cure,Club America,https://songmeanings.com/songs/view/7618/,
8287,The Cure,Cold,https://songmeanings.com/songs/view/7518/,
8288,The Cure,Cold Colours,https://songmeanings.com/songs/view/3530822107859092737/,
8289,The Cure,Coming Up,https://songmeanings.com/songs/view/7649/,
8290,The Cure,Cut,https://songmeanings.com/songs/view/7607/,
8291,The Cure,Cut Here,https://songmeanings.com/songs/view/55577/,
8292,The Cure,Delirious Night,https://songmeanings.com/songs/view/3530822107859445588/,
8293,The Cure,Demise,https://songmeanings.com/songs/view/3530822107859445575/,
8294,The Cure,Descent,https://songmeanings.com/songs/view/3530822107858631779/,
8295,The Cure,Desperate Journalist,https://songmeanings.com/songs/view/3530822107858520494/,
8296,The Cure,Disintegration,https://songmeanings.com/songs/view/7588/,
8297,The Cure,Do the Hansa,https://songmeanings.com/songs/view/7492/,
8298,The Cure,Doing the Unstuck,https://songmeanings.com/songs/view/7603/,
8299,The Cure,Don't Believe a Word (Thin Lizzy cover),https://songmeanings.com/songs/view/3530822107859502550/,
8300,The Cure,Doubt,https://songmeanings.com/songs/view/7507/,
8301,The Cure,Down Under,https://songmeanings.com/songs/view/3530822107858730746/,
8302,The Cure,Dredd Song,https://songmeanings.com/songs/view/7637/,
8303,The Cure,Dressing Up,https://songmeanings.com/songs/view/7536/,
8304,The Cure,Drowning,https://songmeanings.com/songs/view/3530822107859445573/,
8305,The Cure,End,https://songmeanings.com/songs/view/7609/,
8306,The Cure,Esten,https://songmeanings.com/songs/view/3530822107858843700/,
8307,The Cure,Faded Smiles,https://songmeanings.com/songs/view/3530822107858750378/,
8308,The Cure,Faith,https://songmeanings.com/songs/view/7509/,
8309,The Cure,Faith (Live in Tiananmen Square),https://songmeanings.com/songs/view/3530822107858480249/,
8310,The Cure,Fake,https://songmeanings.com/songs/view/3530822107858694164/,
8311,The Cure,Fascination Street,https://songmeanings.com/songs/view/7585/,
8312,The Cure,Fear of Ghosts,https://songmeanings.com/songs/view/7594/,
8313,The Cure,Fight,https://songmeanings.com/songs/view/7573/,
8314,The Cure,Fire in Cairo,https://songmeanings.com/songs/view/7484/,
8315,The Cure,Forever,https://songmeanings.com/songs/view/3530822107858514267/,
8316,The Cure,Foxy Lady (Jimi Hendrix cover),https://songmeanings.com/songs/view/3530822107858507456/,
8317,The Cure,Freakshow,https://songmeanings.com/songs/view/3530822107858726303/,
8318,The Cure,Friday I'm in Love,https://songmeanings.com/songs/view/7604/,
8319,The Cure,From the Edge of the Deep Green Sea,https://songmeanings.com/songs/view/7601/,
8320,The Cure,Give Me It,https://songmeanings.com/songs/view/7535/,
8321,The Cure,Going Home Time,https://songmeanings.com/songs/view/3530822107858665660/,
8322,The Cure,Going Nowhere,https://songmeanings.com/songs/view/3530822107858533652/,
8323,The Cure,Gone!,https://songmeanings.com/songs/view/7625/,
8324,The Cure,Grinding Halt,https://songmeanings.com/songs/view/7479/,
8325,The Cure,Halo,https://songmeanings.com/songs/view/7612/,
8326,The Cure,Happy Birthday,https://songmeanings.com/songs/view/3530822107858520495/,
8327,The Cure,Happy the Man,https://songmeanings.com/songs/view/7541/,
8328,The Cure,Harold and Joe,https://songmeanings.com/songs/view/7597/,
8329,The Cure,"Hello, I Love You (The Doors cover)",https://songmeanings.com/songs/view/3530822107858564748/,
8330,The Cure,Heroin Face,https://songmeanings.com/songs/view/7494/,
8331,The Cure,Hey You!,https://songmeanings.com/songs/view/7563/,
8332,The Cure,High,https://songmeanings.com/songs/view/7599/,
8333,The Cure,Home,https://songmeanings.com/songs/view/7634/,
8334,The Cure,Homesick,https://songmeanings.com/songs/view/7591/,
8335,The Cure,Hot Hot Hot!!!,https://songmeanings.com/songs/view/7566/,
8336,The Cure,How Beautiful You Are...,https://songmeanings.com/songs/view/7562/,
8337,The Cure,I Dig You,https://songmeanings.com/songs/view/76938/,
8338,The Cure,I Just Need Myself,https://songmeanings.com/songs/view/3530822107858520492/,
8339,The Cure,I Want to Be Old,https://songmeanings.com/songs/view/3530822107858520493/,
8340,The Cure,I'm a Cult Hero,https://songmeanings.com/songs/view/79049/,
8341,The Cure,I'm Cold,https://songmeanings.com/songs/view/7490/,
8342,The Cure,Icing Sugar,https://songmeanings.com/songs/view/7569/,
8343,The Cure,If Only Tonight We Could Sleep,https://songmeanings.com/songs/view/7559/,
8344,The Cure,In Between Days,https://songmeanings.com/songs/view/7544/,
8345,The Cure,In Your House,https://songmeanings.com/songs/view/7497/,
8346,The Cure,Innsbruck,https://songmeanings.com/songs/view/3530822107859278546/,
8347,The Cure,Inwood,https://songmeanings.com/songs/view/3530822107859278544/,
8348,The Cure,It Used to Be Me,https://songmeanings.com/songs/view/7631/,
8349,The Cure,It's Not You,https://songmeanings.com/songs/view/7486/,
8350,The Cure,It's Over,https://songmeanings.com/songs/view/3530822107858745770/,
8351,The Cure,Jumping Someone Else's Train,https://songmeanings.com/songs/view/7489/,
8352,The Cure,Jupiter Crash,https://songmeanings.com/songs/view/3530822107858562926/,
8353,The Cure,Just Like Heaven,https://songmeanings.com/songs/view/7564/,
8354,The Cure,Just One Kiss,https://songmeanings.com/songs/view/7521/,
8355,The Cure,Just Say Yes,https://songmeanings.com/songs/view/7650/,
8356,The Cure,Killing an Arab,https://songmeanings.com/songs/view/7476/,
8357,The Cure,Kiss This,https://songmeanings.com/songs/view/3530822107859246468/,
8358,The Cure,Kyoto Song,https://songmeanings.com/songs/view/7545/,
8359,The Cure,Labyrinth,https://songmeanings.com/songs/view/3530822107858508191/,
8360,The Cure,Lament,https://songmeanings.com/songs/view/7524/,
8361,The Cure,Last Dance,https://songmeanings.com/songs/view/7590/,
8362,The Cure,Let's Go to Bed,https://songmeanings.com/songs/view/7520/,
8363,The Cure,Like Cockatoos,https://songmeanings.com/songs/view/7568/,
8364,The Cure,Lime Time,https://songmeanings.com/songs/view/3530822107859445591/,
8365,The Cure,Lost,https://songmeanings.com/songs/view/3530822107858507977/,
8366,The Cure,Love (John Lennon cover),https://songmeanings.com/songs/view/3530822107858564016/,
8367,The Cure,Love Will Tear Us Apart (Joy Division cover),https://songmeanings.com/songs/view/3530822107858583303/,
8368,The Cure,Lovesong,https://songmeanings.com/songs/view/7583/,
8369,The Cure,Lullaby,https://songmeanings.com/songs/view/7584/,
8370,The Cure,M,https://songmeanings.com/songs/view/7499/,
8371,The Cure,Mansolidgone,https://songmeanings.com/songs/view/3530822107859445587/,
8372,The Cure,Maybe Someday,https://songmeanings.com/songs/view/3033/,
8373,The Cure,Meathook,https://songmeanings.com/songs/view/7483/,
8374,The Cure,Merry Christmas Everybody,https://songmeanings.com/songs/view/3530822107858889712/,
8375,The Cure,Mint Car,https://songmeanings.com/songs/view/7622/,
8376,The Cure,More Than This,https://songmeanings.com/songs/view/7638/,
8377,The Cure,Mr. Pink Eyes,https://songmeanings.com/songs/view/7528/,
8378,The Cure,Never,https://songmeanings.com/songs/view/3530822107858508198/,
8379,The Cure,Never Enough,https://songmeanings.com/songs/view/7596/,
8380,The Cure,New Day,https://songmeanings.com/songs/view/7529/,
8381,The Cure,Noheart,https://songmeanings.com/songs/view/3530822107859373123/,
8382,The Cure,Numb,https://songmeanings.com/songs/view/7626/,
8383,The Cure,NY Trip,https://songmeanings.com/songs/view/3530822107858723324/,
8384,The Cure,Object,https://songmeanings.com/songs/view/7481/,
8385,The Cure,Ocean,https://songmeanings.com/songs/view/7633/,
8386,The Cure,Off to Sleep,https://songmeanings.com/songs/view/3530822107859445580/,
8387,The Cure,One Hundred Years,https://songmeanings.com/songs/view/7512/,
8388,The Cure,One More Time,https://songmeanings.com/songs/view/7567/,
8389,The Cure,Open,https://songmeanings.com/songs/view/7598/,
8390,The Cure,Other Voices,https://songmeanings.com/songs/view/7504/,
8391,The Cure,Out of Mind,https://songmeanings.com/songs/view/7593/,
8392,The Cure,Out of This World,https://songmeanings.com/songs/view/7641/,
8393,The Cure,Pictures of You,https://songmeanings.com/songs/view/7587/,
8394,The Cure,Piggy in the Mirror,https://songmeanings.com/songs/view/7531/,
8395,The Cure,Pillbox Tales,https://songmeanings.com/songs/view/7493/,
8396,The Cure,Pirate Ships,https://songmeanings.com/songs/view/55570/,
8397,The Cure,Plainsong,https://songmeanings.com/songs/view/7580/,
8398,The Cure,Plastic Passion,https://songmeanings.com/songs/view/7488/,
8399,The Cure,Play,https://songmeanings.com/songs/view/7611/,
8400,The Cure,Play for Today,https://songmeanings.com/songs/view/7495/,
8401,The Cure,Play with Me,https://songmeanings.com/songs/view/3530822107858671740/,
8402,The Cure,Please Come Home,https://songmeanings.com/songs/view/3530822107858740875/,
8403,The Cure,Please Project,https://songmeanings.com/songs/view/3530822107858690810/,
8404,The Cure,Pornography,https://songmeanings.com/songs/view/7519/,
8405,The Cure,Possession,https://songmeanings.com/songs/view/3530822107858631783/,
8406,The Cure,Prayers for Rain,https://songmeanings.com/songs/view/7586/,
8407,The Cure,Primary,https://songmeanings.com/songs/view/7503/,
8408,The Cure,Purple Haze (Jimi Hendrix cover),https://songmeanings.com/songs/view/3530822107858631781/,
8409,The Cure,Push,https://songmeanings.com/songs/view/7548/,
8410,The Cure,Return,https://songmeanings.com/songs/view/7627/,
8411,The Cure,Round & Round & Round,https://songmeanings.com/songs/view/7624/,
8412,The Cure,Sadacic,https://songmeanings.com/songs/view/3530822107859445585/,
8413,The Cure,Scared as You,https://songmeanings.com/songs/view/7613/,
8414,The Cure,Screw,https://songmeanings.com/songs/view/7552/,
8415,The Cure,Secrets,https://songmeanings.com/songs/view/7496/,
8416,The Cure,See the Children,https://songmeanings.com/songs/view/3530822107858520491/,
8417,The Cure,Seventeen Seconds,https://songmeanings.com/songs/view/7501/,
8418,The Cure,Shake Dog Shake,https://songmeanings.com/songs/view/7530/,
8419,The Cure,Shiver and Shake,https://songmeanings.com/songs/view/7572/,
8420,The Cure,Siamese Twins,https://songmeanings.com/songs/view/7515/,
8421,The Cure,Signal to Noise,https://songmeanings.com/songs/view/57367/,
8422,The Cure,Sinking,https://songmeanings.com/songs/view/7553/,
8423,The Cure,Sirensong,https://songmeanings.com/songs/view/3530822107858745734/,
8424,The Cure,Six Different Ways,https://songmeanings.com/songs/view/7547/,
8425,The Cure,Sleep When I'm Dead,https://songmeanings.com/songs/view/3530822107858730948/,
8426,The Cure,Snakepit,https://songmeanings.com/songs/view/7561/,
8427,The Cure,Snow in Summer,https://songmeanings.com/songs/view/7577/,
8428,The Cure,So What,https://songmeanings.com/songs/view/7485/,
8429,The Cure,Speak My Language,https://songmeanings.com/songs/view/7527/,
8430,The Cure,Spilt Milk,https://songmeanings.com/songs/view/7651/,
8431,The Cure,Splintered in Her Head,https://songmeanings.com/songs/view/7511/,
8432,The Cure,Stop Dead,https://songmeanings.com/songs/view/7555/,
8433,The Cure,Strange Attraction,https://songmeanings.com/songs/view/7621/,
8434,The Cure,Strum,https://songmeanings.com/songs/view/3530822107858740876/,
8435,The Cure,Subway Song,https://songmeanings.com/songs/view/7482/,
8436,The Cure,Sugar Girl,https://songmeanings.com/songs/view/7578/,
8437,The Cure,Switch,https://songmeanings.com/songs/view/3530822107858745767/,
8438,The Cure,Take Forever,https://songmeanings.com/songs/view/3530822107859426763/,
8439,The Cure,Taking Off,https://songmeanings.com/songs/view/3530822107858508197/,
8440,The Cure,Tape,https://songmeanings.com/songs/view/3530822107859594869/,
8441,The Cure,Temptation,https://songmeanings.com/songs/view/3530822107859445576/,
8442,The Cure,Temptation Two,https://songmeanings.com/songs/view/3530822107859445582/,
8443,The Cure,The 13th,https://songmeanings.com/songs/view/7620/,
8444,The Cure,The Baby Screams,https://songmeanings.com/songs/view/7549/,
8445,The Cure,The Big Hand,https://songmeanings.com/songs/view/7614/,
8446,The Cure,The Blood,https://songmeanings.com/songs/view/7546/,
8447,The Cure,The Caterpillar,https://songmeanings.com/songs/view/7533/,
8448,The Cure,The Cocktail Party,https://songmeanings.com/songs/view/3530822107859445592/,
8449,The Cure,The Dragon Hunters Song,https://songmeanings.com/songs/view/3530822107858564015/,
8450,The Cure,The Dream,https://songmeanings.com/songs/view/7523/,
8451,The Cure,The Drowning Man,https://songmeanings.com/songs/view/7508/,
8452,The Cure,The Empty World,https://songmeanings.com/songs/view/7539/,
8453,The Cure,The End of the World,https://songmeanings.com/songs/view/3530822107858503854/,
8454,The Cure,The Exploding Boy,https://songmeanings.com/songs/view/7542/,
8455,The Cure,The Figurehead,https://songmeanings.com/songs/view/7516/,
8456,The Cure,The Final Sound,https://songmeanings.com/songs/view/3530822107858663811/,
8457,The Cure,The Funeral Party,https://songmeanings.com/songs/view/7506/,
8458,The Cure,The Hanging Garden,https://songmeanings.com/songs/view/7514/,
8459,The Cure,The Holy Hour,https://songmeanings.com/songs/view/7502/,
8460,The Cure,The Hungry Ghost,https://songmeanings.com/songs/view/3530822107858745766/,
8461,The Cure,The Kiss,https://songmeanings.com/songs/view/7556/,
8462,The Cure,The Last Day of Summer,https://songmeanings.com/songs/view/7644/,
8463,The Cure,The Loudest Sound,https://songmeanings.com/songs/view/7646/,
8464,The Cure,The Lovecats,https://songmeanings.com/songs/view/79550/,
8465,The Cure,The Only One,https://songmeanings.com/songs/view/3530822107858719238/,
8466,The Cure,The Perfect Boy,https://songmeanings.com/songs/view/3530822107858735631/,
8467,The Cure,The Perfect Girl,https://songmeanings.com/songs/view/7570/,
8468,The Cure,The Promise,https://songmeanings.com/songs/view/3530822107858508199/,
8469,The Cure,The Real Snow White,https://songmeanings.com/songs/view/3530822107858745735/,
8470,The Cure,The Reasons Why,https://songmeanings.com/songs/view/3530822107858745733/,
8471,The Cure,The Same Deep Water as You,https://songmeanings.com/songs/view/7581/,
8472,The Cure,The Scream,https://songmeanings.com/songs/view/3530822107858745769/,
8473,The Cure,The Three Sisters,https://songmeanings.com/songs/view/3530822107859445581/,
8474,The Cure,The Top,https://songmeanings.com/songs/view/7538/,
8475,The Cure,The Upstairs Room,https://songmeanings.com/songs/view/7525/,
8476,The Cure,The Violin Song,https://songmeanings.com/songs/view/3530822107858665662/,
8477,The Cure,The Walk,https://songmeanings.com/songs/view/7522/,
8478,The Cure,The Weedy Burton,https://songmeanings.com/songs/view/3530822107859095826/,
8479,The Cure,There Is No If...,https://songmeanings.com/songs/view/7645/,
8480,The Cure,This Green City,https://songmeanings.com/songs/view/3530822107858710749/,
8481,The Cure,This Is a Lie,https://songmeanings.com/songs/view/7619/,
8482,The Cure,This Morning,https://songmeanings.com/songs/view/3530822107858552441/,
8483,The Cure,This Twilight Garden,https://songmeanings.com/songs/view/7610/,
8484,The Cure,This. Here and Now. With You,https://songmeanings.com/songs/view/3530822107858745768/,
8485,The Cure,Three,https://songmeanings.com/songs/view/3530822107858663816/,
8486,The Cure,Three Imaginary Boys,https://songmeanings.com/songs/view/7487/,
8487,The Cure,Throw Your Foot,https://songmeanings.com/songs/view/7540/,
8488,The Cure,To the Sky,https://songmeanings.com/songs/view/7579/,
8489,The Cure,To Wish Impossible Things,https://songmeanings.com/songs/view/7608/,
8490,The Cure,Torture,https://songmeanings.com/songs/view/7558/,
8491,The Cure,Trap,https://songmeanings.com/songs/view/7628/,
8492,The Cure,Treasure,https://songmeanings.com/songs/view/7629/,
8493,The Cure,Trust,https://songmeanings.com/songs/view/7605/,
8494,The Cure,Truth Is (Tweaker cover),https://songmeanings.com/songs/view/3530822107858821301/,
8495,The Cure,"Truth, Goodness and Beauty",https://songmeanings.com/songs/view/3530822107858544989/,
8496,The Cure,Tuned Out on RTV5,https://songmeanings.com/songs/view/3530822107859445577/,
8497,The Cure,Underneath the Stars,https://songmeanings.com/songs/view/3530822107858725507/,
8498,The Cure,Untitled,https://songmeanings.com/songs/view/7589/,
8499,The Cure,Us or Them,https://songmeanings.com/songs/view/3530822107858508194/,
8500,The Cure,Uyea Sound,https://songmeanings.com/songs/view/3530822107859445578/,
8501,The Cure,Very Good Advice,https://songmeanings.com/songs/view/3530822107858816862/,
8502,The Cure,Wailing Wall,https://songmeanings.com/songs/view/7534/,
8503,The Cure,Waiting,https://songmeanings.com/songs/view/7636/,
8504,The Cure,Want,https://songmeanings.com/songs/view/38115/,
8505,The Cure,Watching Me Fall,https://songmeanings.com/songs/view/7642/,
8506,The Cure,Wendy Time,https://songmeanings.com/songs/view/7602/,
8507,The Cure,Where the Birds Always Sing,https://songmeanings.com/songs/view/7643/,
8508,The Cure,Why Can't I Be Me?,https://songmeanings.com/songs/view/3530822107858527254/,
8509,The Cure,Why Can't I Be You?,https://songmeanings.com/songs/view/7560/,
8510,The Cure,Winter,https://songmeanings.com/songs/view/3530822107858614788/,
8511,The Cure,Without You,https://songmeanings.com/songs/view/3530822107858735632/,
8512,The Cure,World in My Eyes,https://songmeanings.com/songs/view/3530822107858487711/,
8513,The Cure,World War,https://songmeanings.com/songs/view/7491/,
8514,The Cure,Wrong Number,https://songmeanings.com/songs/view/7640/,
8515,The Cure,Yesterday's Gone,https://songmeanings.com/songs/view/3530822107858591310/,
8516,The Cure,You Stayed...,https://songmeanings.com/songs/view/3530822107859445584/,
8517,The Cure,You're So Happy,https://songmeanings.com/songs/view/7652/,
8518,The Cure,Young Americans (David Bowie cover),https://songmeanings.com/songs/view/3530822107858631782/,
8519,The Cure,Your God Is Fear,https://songmeanings.com/songs/view/3530822107858527255/,
8520,Incubus,11am,https://songmeanings.com/songs/view/33932/,
8521,Incubus,A Certain Shade of Green,https://songmeanings.com/songs/view/5796/,
8522,Incubus,A Crow Left of the Murder,https://songmeanings.com/songs/view/3530822107858489651/,
8523,Incubus,A Kiss To Send Us Off,https://songmeanings.com/songs/view/3530822107858628479/,
8524,Incubus,Absolution Calling,https://songmeanings.com/songs/view/3530822107859500872/,
8525,Incubus,Admiration,https://songmeanings.com/songs/view/3530822107858550157/,
8526,Incubus,Adolescents,https://songmeanings.com/songs/view/3530822107858865257/,
8527,Incubus,Agoraphobia,https://songmeanings.com/songs/view/3530822107858489668/,
8528,Incubus,Anna Molly,https://songmeanings.com/songs/view/3530822107858639553/,
8529,Incubus,Anything,https://songmeanings.com/songs/view/3530822107858783595/,
8530,Incubus,Aqueous Transmission,https://songmeanings.com/songs/view/37091/,
8531,Incubus,Are You In?,https://songmeanings.com/songs/view/36579/,
8532,Incubus,Are You In? (Oakenfold Remix),https://songmeanings.com/songs/view/3458764513820561263/,
8533,Incubus,Azwethinkweiz,https://songmeanings.com/songs/view/37434/,
8534,Incubus,Bathe In My Snot,https://songmeanings.com/songs/view/3530822107858516971/,
8535,Incubus,Battlestar Scralatchtica,https://songmeanings.com/songs/view/66817/,
8536,Incubus,Beware! Criminal,https://songmeanings.com/songs/view/3530822107858489618/,
8537,Incubus,Black Heart Inertia,https://songmeanings.com/songs/view/3530822107858766197/,
8538,Incubus,Blood on the Ground,https://songmeanings.com/songs/view/33956/,
8539,Incubus,Brandon's Beer Song,https://songmeanings.com/songs/view/3530822107858571615/,
8540,Incubus,Calgone,https://songmeanings.com/songs/view/258/,
8541,Incubus,Circles,https://songmeanings.com/songs/view/37108/,
8542,Incubus,Clean,https://songmeanings.com/songs/view/6541/,
8543,Incubus,Consequence,https://songmeanings.com/songs/view/6543/,
8544,Incubus,Crowded Elevator,https://songmeanings.com/songs/view/70418/,
8545,Incubus,Damnation?,https://songmeanings.com/songs/view/71273/,
8546,Incubus,Dance Like You're Dumb,https://songmeanings.com/songs/view/3530822107859533295/,
8547,Incubus,Deep Inside,https://songmeanings.com/songs/view/259/,
8548,Incubus,Defiance,https://songmeanings.com/songs/view/3530822107858867435/,
8549,Incubus,Diamonds and Coal,https://songmeanings.com/songs/view/3530822107858635742/,
8550,Incubus,Dig,https://songmeanings.com/songs/view/3530822107858635656/,
8551,Incubus,Divided,https://songmeanings.com/songs/view/129027/,
8552,Incubus,Drive,https://songmeanings.com/songs/view/218/,
8553,Incubus,Earth to Bella (Part I),https://songmeanings.com/songs/view/3530822107858614489/,
8554,Incubus,Earth to Bella (Part II),https://songmeanings.com/songs/view/3530822107858771539/,
8555,Incubus,Echo,https://songmeanings.com/songs/view/33971/,
8556,Incubus,Familiar,https://songmeanings.com/songs/view/37124/,
8557,Incubus,Familiar Faces,https://songmeanings.com/songs/view/3530822107859545235/,
8558,Incubus,Favorite Things,https://songmeanings.com/songs/view/254/,
8559,Incubus,Follow,https://songmeanings.com/songs/view/3530822107858519117/,
8560,Incubus,Friends and Lovers,https://songmeanings.com/songs/view/3530822107858867414/,
8561,Incubus,Get Your Dreidel On,https://songmeanings.com/songs/view/3530822107859453982/,
8562,Incubus,Glass,https://songmeanings.com/songs/view/49486/,
8563,Incubus,Glitterbomb,https://songmeanings.com/songs/view/3530822107859545231/,
8564,Incubus,Happy Birthday Glen,https://songmeanings.com/songs/view/3530822107858580076/,
8565,Incubus,Have You Ever,https://songmeanings.com/songs/view/36581/,
8566,Incubus,Hello (Lionel Ritchie cover),https://songmeanings.com/songs/view/3530822107858516970/,
8567,Incubus,Here In My Room,https://songmeanings.com/songs/view/3530822107858489642/,
8568,Incubus,Hilikus,https://songmeanings.com/songs/view/6030/,
8569,Incubus,Hold Me Down,https://songmeanings.com/songs/view/3530822107858876117/,
8570,Incubus,I Love You (Lionel Ritchie cover),https://songmeanings.com/songs/view/3530822107858580074/,
8571,Incubus,I Miss You,https://songmeanings.com/songs/view/6546/,
8572,Incubus,Idiot Box,https://songmeanings.com/songs/view/257/,
8573,Incubus,"If Not Now, When?",https://songmeanings.com/songs/view/3530822107858867431/,
8574,Incubus,In the Company of Wolves,https://songmeanings.com/songs/view/3530822107858867415/,
8575,Incubus,Isadore,https://songmeanings.com/songs/view/3530822107858868139/,
8576,Incubus,Just A Phase,https://songmeanings.com/songs/view/33925/,
8577,Incubus,La La La Zoom Zoom Zoom,https://songmeanings.com/songs/view/3530822107858849669/,
8578,Incubus,La Vida,https://songmeanings.com/songs/view/3530822107859453983/,
8579,Incubus,Leech,https://songmeanings.com/songs/view/3530822107858489731/,
8580,Incubus,Let's Go Crazy,https://songmeanings.com/songs/view/3530822107858783440/,
8581,Incubus,Light Grenades,https://songmeanings.com/songs/view/3530822107858635460/,
8582,Incubus,Like a Virgin (Madonna cover),https://songmeanings.com/songs/view/3530822107858580073/,
8583,Incubus,Loneliest,https://songmeanings.com/songs/view/3530822107859545233/,
8584,Incubus,Look Alive,https://songmeanings.com/songs/view/3530822107858637436/,
8585,Incubus,Love Hurts,https://songmeanings.com/songs/view/3530822107858626628/,
8586,Incubus,Love in a Time of Surveillance,https://songmeanings.com/songs/view/3530822107859545236/,
8587,Incubus,Made For TV Movie,https://songmeanings.com/songs/view/3530822107858489711/,
8588,Incubus,Magic Medicine,https://songmeanings.com/songs/view/133920/,
8589,Incubus,Make a Move,https://songmeanings.com/songs/view/3530822107858544079/,
8590,Incubus,Make No Sound in the Digital Forest,https://songmeanings.com/songs/view/3530822107859545238/,
8591,Incubus,Make Out Party,https://songmeanings.com/songs/view/3530822107859533296/,
8592,Incubus,Make Yourself,https://songmeanings.com/songs/view/219/,
8593,Incubus,Martini,https://songmeanings.com/songs/view/3530822107858783597/,
8594,Incubus,Medium,https://songmeanings.com/songs/view/6524/,
8595,Incubus,Megalomaniac,https://songmeanings.com/songs/view/3530822107858489662/,
8596,Incubus,Message in a Bottle (with No Doubt) (Police cover),https://songmeanings.com/songs/view/3530822107858611925/,
8597,Incubus,Mexico,https://songmeanings.com/songs/view/33967/,
8598,Incubus,Midnight Swim,https://songmeanings.com/songs/view/3530822107858781731/,
8599,Incubus,Miss Bliss,https://songmeanings.com/songs/view/71272/,
8600,Incubus,Monuments And Melodies,https://songmeanings.com/songs/view/3530822107858494130/,
8601,Incubus,Nebula,https://songmeanings.com/songs/view/255/,
8602,Incubus,Neither of Us Can See,https://songmeanings.com/songs/view/3530822107858550683/,
8603,Incubus,New Skin,https://songmeanings.com/songs/view/253/,
8604,Incubus,Nice To Know You,https://songmeanings.com/songs/view/37145/,
8605,Incubus,Nimble Bastard,https://songmeanings.com/songs/view/3530822107859545230/,
8606,Incubus,No Fun,https://songmeanings.com/songs/view/3530822107859545229/,
8607,Incubus,"No Scrubs (TLC cover, Live version)",https://songmeanings.com/songs/view/3530822107858538989/,
8608,Incubus,"No Scrubs (TLC cover, Radio interview version)",https://songmeanings.com/songs/view/3530822107858538988/,
8609,Incubus,Nowhere Fast,https://songmeanings.com/songs/view/6550/,
8610,Incubus,Oil and Water,https://songmeanings.com/songs/view/3530822107858635553/,
8611,Incubus,Out From Under,https://songmeanings.com/songs/view/6551/,
8612,Incubus,Pantomime,https://songmeanings.com/songs/view/3530822107858501919/,
8613,Incubus,Paper Shoes,https://songmeanings.com/songs/view/3530822107858635743/,
8614,Incubus,Pardon Me,https://songmeanings.com/songs/view/217/,
8615,Incubus,Pendulous Threads,https://songmeanings.com/songs/view/3530822107858635744/,
8616,Incubus,Pillow Your Eyes,https://songmeanings.com/songs/view/37755/,
8617,Incubus,Pistola,https://songmeanings.com/songs/view/3530822107858489677/,
8618,Incubus,Point #1,https://songmeanings.com/songs/view/3530822107858638124/,
8619,Incubus,Priceless,https://songmeanings.com/songs/view/3530822107858489694/,
8620,Incubus,Privilege,https://songmeanings.com/songs/view/6552/,
8621,Incubus,"Promises, Promises",https://songmeanings.com/songs/view/3530822107858867432/,
8622,Incubus,Psychopsilocybin,https://songmeanings.com/songs/view/37431/,
8623,Incubus,Punch Drunk,https://songmeanings.com/songs/view/3530822107858637437/,
8624,Incubus,Purple Kool-Aid,https://songmeanings.com/songs/view/3530822107858781526/,
8625,Incubus,Quicksand,https://songmeanings.com/songs/view/3530822107858635745/,
8626,Incubus,Rebel Girls,https://songmeanings.com/songs/view/3530822107858875353/,
8627,Incubus,Red Kipper Sandals,https://songmeanings.com/songs/view/3530822107858580072/,
8628,Incubus,Redefine,https://songmeanings.com/songs/view/251/,
8629,Incubus,Rogues,https://songmeanings.com/songs/view/3530822107858635741/,
8630,Incubus,Segue 1,https://songmeanings.com/songs/view/3530822107858541084/,
8631,Incubus,Shaft,https://songmeanings.com/songs/view/6029/,
8632,Incubus,Sick Sad Little World,https://songmeanings.com/songs/view/3530822107858489639/,
8633,Incubus,Sink Beneath The Line,https://songmeanings.com/songs/view/6528/,
8634,Incubus,Slow Change,https://songmeanings.com/songs/view/98591/,
8635,Incubus,Smile Lines,https://songmeanings.com/songs/view/3530822107858489716/,
8636,Incubus,Smokin The Herb Again,https://songmeanings.com/songs/view/71275/,
8637,Incubus,Southern Girl,https://songmeanings.com/songs/view/3530822107858489641/,
8638,Incubus,Speak Free,https://songmeanings.com/songs/view/6521/,
8639,Incubus,State of the Art,https://songmeanings.com/songs/view/3530822107859544398/,
8640,Incubus,Stellar,https://songmeanings.com/songs/view/216/,
8641,Incubus,Still Not A Player,https://songmeanings.com/songs/view/129040/,
8642,Incubus,Suffragette City (David Bowie cover),https://songmeanings.com/songs/view/3530822107859536766/,
8643,Incubus,Summer Romance (Anti-Gravity Love Song),https://songmeanings.com/songs/view/256/,
8644,Incubus,Surface To Air,https://songmeanings.com/songs/view/3530822107858853613/,
8645,Incubus,Switchblade,https://songmeanings.com/songs/view/3530822107858867433/,
8646,Incubus,Take Me To Your Leader,https://songmeanings.com/songs/view/6530/,
8647,Incubus,Talk Shows on Mute,https://songmeanings.com/songs/view/3530822107858489653/,
8648,Incubus,The Answer,https://songmeanings.com/songs/view/6518/,
8649,Incubus,The Joker (Steve Miller Band cover),https://songmeanings.com/songs/view/3530822107858571617/,
8650,Incubus,The Odyssey (First Movement),https://songmeanings.com/songs/view/3530822107859453978/,
8651,Incubus,The Odyssey (Fourth Movement),https://songmeanings.com/songs/view/3530822107859453981/,
8652,Incubus,The Odyssey (Second Movement),https://songmeanings.com/songs/view/3530822107859453979/,
8653,Incubus,The Odyssey (Third Movement),https://songmeanings.com/songs/view/3530822107859453980/,
8654,Incubus,The Original,https://songmeanings.com/songs/view/3530822107858869140/,
8655,Incubus,The Warmth,https://songmeanings.com/songs/view/6554/,
8656,Incubus,Thieves,https://songmeanings.com/songs/view/3530822107858867434/,
8657,Incubus,Throw Out the Map,https://songmeanings.com/songs/view/3530822107859545237/,
8658,Incubus,Tomorrow's Food,https://songmeanings.com/songs/view/3530822107858869546/,
8659,Incubus,Trouble In 421,https://songmeanings.com/songs/view/5154/,
8660,Incubus,Trust Fall ,https://songmeanings.com/songs/view/3530822107859502911/,
8661,Incubus,Turning Japanese (The Vapors cover),https://songmeanings.com/songs/view/3530822107858597585/,
8662,Incubus,Undefeated,https://songmeanings.com/songs/view/3530822107859545232/,
8663,Incubus,Under My Umbrella,https://songmeanings.com/songs/view/36584/,
8664,Incubus,Version,https://songmeanings.com/songs/view/6539/,
8665,Incubus,Vitamin,https://songmeanings.com/songs/view/252/,
8666,Incubus,Warning,https://songmeanings.com/songs/view/37473/,
8667,Incubus,Were Smokin the Herb Again,https://songmeanings.com/songs/view/3530822107859594708/,
8668,Incubus,When I Became a Man,https://songmeanings.com/songs/view/3530822107859545234/,
8669,Incubus,When It Comes,https://songmeanings.com/songs/view/6556/,
8670,Incubus,While All the Vultures Feed,https://songmeanings.com/songs/view/3530822107858781515/,
8671,Incubus,Wish You Were Here,https://songmeanings.com/songs/view/90740/,
8672,Incubus,You Will Be A Hot Dancer,https://songmeanings.com/songs/view/6028/,
8673,Incubus,Zee Deveel,https://songmeanings.com/songs/view/3530822107858489700/,
8674,U2,11 O'Clock Tick Tock,https://songmeanings.com/songs/view/36951/,
8675,U2,13 (There Is a Light),https://songmeanings.com/songs/view/3530822107859561781/,
8676,U2,40,https://songmeanings.com/songs/view/36798/,
8677,U2,46664 ( Its a Long Walk to Freedom),https://songmeanings.com/songs/view/3530822107858787909/,
8678,U2,4th of July,https://songmeanings.com/songs/view/3530822107858751163/,
8679,U2,A Celebration,https://songmeanings.com/songs/view/130286/,
8680,U2,A Day Without Me,https://songmeanings.com/songs/view/36749/,
8681,U2,A Different Kind Of Blue,https://songmeanings.com/songs/view/3530822107858722700/,
8682,U2,A Man and a Woman,https://songmeanings.com/songs/view/3530822107858515084/,
8683,U2,A Room At The Heartbreak Hotel,https://songmeanings.com/songs/view/36948/,
8684,U2,A Sort Of Homecoming,https://songmeanings.com/songs/view/36802/,
8685,U2,Acrobat,https://songmeanings.com/songs/view/10312/,
8686,U2,Alex Descends Into Hell for a Bottle of Milk/Korova 1,https://songmeanings.com/songs/view/130291/,
8687,U2,All Along the Watchtower (Bob Dylan cover),https://songmeanings.com/songs/view/36851/,
8688,U2,All Because of You,https://songmeanings.com/songs/view/3530822107858515083/,
8689,U2,All Because of You (Alternate Version),https://songmeanings.com/songs/view/3530822107858654316/,
8690,U2,All I Want Is You,https://songmeanings.com/songs/view/36862/,
8691,U2,Alone in the Light,https://songmeanings.com/songs/view/3530822107858751169/,
8692,U2,Always,https://songmeanings.com/songs/view/36950/,
8693,U2,Always Forever Now,https://songmeanings.com/songs/view/3530822107858653450/,
8694,U2,Amazing Grace,https://songmeanings.com/songs/view/3530822107859595012/,
8695,U2,America's Song,https://songmeanings.com/songs/view/3530822107858787912/,
8696,U2,American Prayer,https://songmeanings.com/songs/view/3530822107858787899/,
8697,U2,American Soul,https://songmeanings.com/songs/view/3530822107859561709/,
8698,U2,An Cat Dubh,https://songmeanings.com/songs/view/36744/,
8699,U2,Angel Of Harlem,https://songmeanings.com/songs/view/36855/,
8700,U2,Angels Too Tied To The Ground,https://songmeanings.com/songs/view/3530822107858741398/,
8701,U2,Another Day,https://songmeanings.com/songs/view/3530822107858697421/,
8702,U2,"Another Time, Another Place",https://songmeanings.com/songs/view/36751/,
8703,U2,Are You Gonna Wait Forever?,https://songmeanings.com/songs/view/3530822107858516705/,
8704,U2,Auld Lang Syne,https://songmeanings.com/songs/view/3530822107858787901/,
8705,U2,Babyface,https://songmeanings.com/songs/view/4010/,
8706,U2,Bad,https://songmeanings.com/songs/view/36811/,
8707,U2,Bass Trap,https://songmeanings.com/songs/view/3530822107858787903/,
8708,U2,Be There,https://songmeanings.com/songs/view/121195/,
8709,U2,Beach Sequence,https://songmeanings.com/songs/view/3530822107858739266/,
8710,U2,Beat on the Brat (Ramones cover),https://songmeanings.com/songs/view/3530822107858764652/,
8711,U2,Beautiful Day,https://songmeanings.com/songs/view/145/,
8712,U2,Beautiful Ghost,https://songmeanings.com/songs/view/3530822107858530798/,
8713,U2,Beautiful Ghost/Introduction to Songs of Experience,https://songmeanings.com/songs/view/3530822107858704028/,
8714,U2,Big Girls Are Best,https://songmeanings.com/songs/view/136621/,
8715,U2,Billy Boola,https://songmeanings.com/songs/view/3530822107858787875/,
8716,U2,Blow Your House Down,https://songmeanings.com/songs/view/3530822107859420704/,
8717,U2,Book of Your Heart,https://songmeanings.com/songs/view/3530822107859561782/,
8718,U2,Boomerang I,https://songmeanings.com/songs/view/3530822107858751155/,
8719,U2,Boomerang II,https://songmeanings.com/songs/view/136623/,
8720,U2,Bottoms (Watashitachi no Ookina Yume),https://songmeanings.com/songs/view/3530822107858751160/,
8721,U2,Boy Falls from the Sky,https://songmeanings.com/songs/view/3530822107859478568/,
8722,U2,Boy-Girl,https://songmeanings.com/songs/view/3530822107858649219/,
8723,U2,Breathe,https://songmeanings.com/songs/view/3530822107858762872/,
8724,U2,Bullet The Blue Sky,https://songmeanings.com/songs/view/10207/,
8725,U2,C'mon Everybody,https://songmeanings.com/songs/view/3530822107858929859/,
8726,U2,California (There Is No End to Love),https://songmeanings.com/songs/view/3530822107859490189/,
8727,U2,Can't Help Falling In Love,https://songmeanings.com/songs/view/3530822107858539947/,
8728,U2,Cartoon World,https://songmeanings.com/songs/view/3530822107858751170/,
8729,U2,Cat Dubh,https://songmeanings.com/songs/view/3530822107859383258/,
8730,U2,Cedars Of Lebanon,https://songmeanings.com/songs/view/3530822107858762873/,
8731,U2,Cedarwood Road,https://songmeanings.com/songs/view/3530822107859490190/,
8732,U2,Christmas (Baby Please Come Home),https://songmeanings.com/songs/view/43164/,
8733,U2,City of Blinding Lights,https://songmeanings.com/songs/view/3530822107858515082/,
8734,U2,Corpse (These Chains Are Way Too Long),https://songmeanings.com/songs/view/3530822107858722702/,
8735,U2,Creep,https://songmeanings.com/songs/view/3530822107858610004/,
8736,U2,Crumbs From Your Table,https://songmeanings.com/songs/view/3530822107858515085/,
8737,U2,Cry,https://songmeanings.com/songs/view/36952/,
8738,U2,Cry/Electric Co.,https://songmeanings.com/songs/view/3530822107859533676/,
8739,U2,Daddy's Gonna Pay For Your Crashed Car,https://songmeanings.com/songs/view/4016/,
8740,U2,Dancing Barefoot,https://songmeanings.com/songs/view/36939/,
8741,U2,Dancing Queen (ABBA cover),https://songmeanings.com/songs/view/3530822107858756749/,
8742,U2,Deep In The Heart,https://songmeanings.com/songs/view/136626/,
8743,U2,Desert of Our Love,https://songmeanings.com/songs/view/3530822107858704029/,
8744,U2,Desire,https://songmeanings.com/songs/view/36847/,
8745,U2,Dirty Day,https://songmeanings.com/songs/view/4021/,
8746,U2,Disappearing Act,https://songmeanings.com/songs/view/3530822107858873960/,
8747,U2,Discothque,https://songmeanings.com/songs/view/13623/,
8748,U2,Do You Feel Loved,https://songmeanings.com/songs/view/13626/,
8749,U2,Doctor Doctor,https://songmeanings.com/songs/view/3530822107859121910/,
8750,U2,Don't Come Knocking,https://songmeanings.com/songs/view/3530822107858624334/,
8751,U2,Don't Give Up (Africa),https://songmeanings.com/songs/view/3530822107858751156/,
8752,U2,Don't Take Your Guns to Town,https://songmeanings.com/songs/view/3530822107859123315/,
8753,U2,Down All the Days,https://songmeanings.com/songs/view/3530822107859420832/,
8754,U2,Dreaming with Tears in My Eyes,https://songmeanings.com/songs/view/121197/,
8755,U2,Drowning Man,https://songmeanings.com/songs/view/36789/,
8756,U2,Drunk Chicken/America,https://songmeanings.com/songs/view/3530822107858704030/,
8757,U2,Electrical Storm,https://songmeanings.com/songs/view/3458764513820557517/,
8758,U2,Elevation,https://songmeanings.com/songs/view/36925/,
8759,U2,Elvis Ate America,https://songmeanings.com/songs/view/3530822107858653446/,
8760,U2,Elvis Presley And America,https://songmeanings.com/songs/view/36813/,
8761,U2,Endless Deep,https://songmeanings.com/songs/view/3530822107858675788/,
8762,U2,Even Better Than The Real Thing,https://songmeanings.com/songs/view/10219/,
8763,U2,Everlasting Love,https://songmeanings.com/songs/view/36940/,
8764,U2,Every Breaking Wave,https://songmeanings.com/songs/view/3530822107858848533/,
8765,U2,Every Breaking Wave (Album Version),https://songmeanings.com/songs/view/3530822107859490203/,
8766,U2,Everybody Loves a Winner,https://songmeanings.com/songs/view/3530822107859420831/,
8767,U2,Exit,https://songmeanings.com/songs/view/36843/,
8768,U2,Falling at Your Feet,https://songmeanings.com/songs/view/3530822107858554442/,
8769,U2,Fast Cars,https://songmeanings.com/songs/view/3530822107858515089/,
8770,U2,Fez - Being Born,https://songmeanings.com/songs/view/3530822107858762870/,
8771,U2,Fire,https://songmeanings.com/songs/view/36764/,
8772,U2,Flower Child,https://songmeanings.com/songs/view/3530822107858666541/,
8773,U2,Fortunate Son,https://songmeanings.com/songs/view/3530822107858649221/,
8774,U2,Freedom For My People,https://songmeanings.com/songs/view/36852/,
8775,U2,Get On Your Boots,https://songmeanings.com/songs/view/3530822107858758140/,
8776,U2,Get Out of Your Own Way,https://songmeanings.com/songs/view/3530822107859561708/,
8777,U2,Gloria,https://songmeanings.com/songs/view/36756/,
8778,U2,God Part II,https://songmeanings.com/songs/view/36860/,
8779,U2,Goldeneye,https://songmeanings.com/songs/view/3530822107858677528/,
8780,U2,Gone,https://songmeanings.com/songs/view/13650/,
8781,U2,Grace,https://songmeanings.com/songs/view/36934/,
8782,U2,Hallelujah Here She Comes,https://songmeanings.com/songs/view/36947/,
8783,U2,Happiness Is a Warm Gun (Beatles cover),https://songmeanings.com/songs/view/3530822107858705213/,
8784,U2,Hawkmoon 269,https://songmeanings.com/songs/view/36849/,
8785,U2,Heartland,https://songmeanings.com/songs/view/36859/,
8786,U2,Heaven and Hell,https://songmeanings.com/songs/view/3530822107859411686/,
8787,U2,Help! (Beatles cover),https://songmeanings.com/songs/view/3530822107859408821/,
8788,U2,Helter Skelter (Beatles cover),https://songmeanings.com/songs/view/36845/,
8789,U2,Heroine,https://songmeanings.com/songs/view/149500/,
8790,U2,"Hold Me, Thrill Me, Kiss Me, Kill Me",https://songmeanings.com/songs/view/113486/,
8791,U2,Holy Joe,https://songmeanings.com/songs/view/136629/,
8792,U2,I Believe In Father Christmas,https://songmeanings.com/songs/view/3530822107858756753/,
8793,U2,I Fall Down,https://songmeanings.com/songs/view/36758/,
8794,U2,I Still Haven't Found What I'm Looking For,https://songmeanings.com/songs/view/33691/,
8795,U2,I Threw A Brick Through A Window,https://songmeanings.com/songs/view/36760/,
8796,U2,I Threw a Brick Through a Window/A Day Without Me,https://songmeanings.com/songs/view/3530822107859533720/,
8797,U2,I Will Follow,https://songmeanings.com/songs/view/36738/,
8798,U2,I'll Go Crazy If I Don't Go Crazy Tonight,https://songmeanings.com/songs/view/3530822107858762869/,
8799,U2,I'm Not Your Baby,https://songmeanings.com/songs/view/3530822107858610599/,
8800,U2,I've Got You Under My Skin,https://songmeanings.com/songs/view/3530822107858757996/,
8801,U2,If God Will Send His Angels,https://songmeanings.com/songs/view/13637/,
8802,U2,If You Wear That Velvet Dress,https://songmeanings.com/songs/view/13659/,
8803,U2,In A Little While,https://songmeanings.com/songs/view/36928/,
8804,U2,In God's Country,https://songmeanings.com/songs/view/36837/,
8805,U2,In the Name of the Father,https://songmeanings.com/songs/view/3530822107858978005/,
8806,U2,Indian Summer Sky,https://songmeanings.com/songs/view/36812/,
8807,U2,Inside Out,https://songmeanings.com/songs/view/3530822107858787906/,
8808,U2,Instant Karma (John Lennon cover),https://songmeanings.com/songs/view/3530822107858673367/,
8809,U2,Into the Heart,https://songmeanings.com/songs/view/3530822107858526179/,
8810,U2,Invisible (RED),https://songmeanings.com/songs/view/3530822107859476239/,
8811,U2,Invisible (Songs of Innocence Version),https://songmeanings.com/songs/view/3530822107859491998/,
8812,U2,Iris (Hold Me Close),https://songmeanings.com/songs/view/3530822107859490202/,
8813,U2,Is That All?,https://songmeanings.com/songs/view/36777/,
8814,U2,Ito Okashi,https://songmeanings.com/songs/view/3530822107858653449/,
8815,U2,J. Swallo,https://songmeanings.com/songs/view/3530822107858751158/,
8816,U2,Jack in the Box,https://songmeanings.com/songs/view/3530822107858787902/,
8817,U2,Jesus Christ,https://songmeanings.com/songs/view/3530822107858639223/,
8818,U2,Kite,https://songmeanings.com/songs/view/36927/,
8819,U2,Lady With the Spinning Head,https://songmeanings.com/songs/view/3530822107858530935/,
8820,U2,Landlady,https://songmeanings.com/songs/view/3530822107859561716/,
8821,U2,Last Night On Earth,https://songmeanings.com/songs/view/13638/,
8822,U2,Lemon,https://songmeanings.com/songs/view/4013/,
8823,U2,Levitate,https://songmeanings.com/songs/view/3530822107858606265/,
8824,U2,Lights of Home,https://songmeanings.com/songs/view/3530822107859561707/,
8825,U2,Like a Song...,https://songmeanings.com/songs/view/36787/,
8826,U2,Lost on a Silent Planet,https://songmeanings.com/songs/view/3530822107858751168/,
8827,U2,Love and Peace or Else,https://songmeanings.com/songs/view/3530822107858515081/,
8828,U2,Love Comes Tumbling,https://songmeanings.com/songs/view/36957/,
8829,U2,Love Is All We Have Left,https://songmeanings.com/songs/view/3530822107859561706/,
8830,U2,Love Is Bigger Than Anything in Its Way,https://songmeanings.com/songs/view/3530822107859561780/,
8831,U2,Love Is Blindness,https://songmeanings.com/songs/view/10313/,
8832,U2,Love Rescue Me,https://songmeanings.com/songs/view/36857/,
8833,U2,Love Will Tear Us Apart (Joy Division cover),https://songmeanings.com/songs/view/3530822107858796903/,
8834,U2,Love You Like Mad,https://songmeanings.com/songs/view/3530822107858592808/,
8835,U2,Lucifer's Hands,https://songmeanings.com/songs/view/3530822107859491984/,
8836,U2,Luminous Times (Hold On To Love),https://songmeanings.com/songs/view/36944/,
8837,U2,Magnificent,https://songmeanings.com/songs/view/3530822107858762867/,
8838,U2,Mercy,https://songmeanings.com/songs/view/3530822107858517526/,
8839,U2,Miami,https://songmeanings.com/songs/view/13655/,
8840,U2,Miracle Drug,https://songmeanings.com/songs/view/3530822107858515079/,
8841,U2,Miss Sarajevo,https://songmeanings.com/songs/view/89045/,
8842,U2,Mission Impossible Theme,https://songmeanings.com/songs/view/3530822107858709637/,
8843,U2,MLK,https://songmeanings.com/songs/view/36814/,
8844,U2,Mofo,https://songmeanings.com/songs/view/13631/,
8845,U2,Moment Of Surrender,https://songmeanings.com/songs/view/3530822107858762861/,
8846,U2,Mothers Of The Disappeared,https://songmeanings.com/songs/view/36844/,
8847,U2,Mysterious Ways,https://songmeanings.com/songs/view/10247/,
8848,U2,Native Son,https://songmeanings.com/songs/view/3530822107858524600/,
8849,U2,Near the Island,https://songmeanings.com/songs/view/3530822107859420818/,
8850,U2,Neon Lights,https://songmeanings.com/songs/view/3530822107858518996/,
8851,U2,Never Let Me Go,https://songmeanings.com/songs/view/3530822107858554418/,
8852,U2,New Year's Day,https://songmeanings.com/songs/view/36784/,
8853,U2,New Year's Day (Francois Kevorkian US Remix),https://songmeanings.com/songs/view/3530822107859491995/,
8854,U2,New York,https://songmeanings.com/songs/view/36933/,
8855,U2,Night & Day,https://songmeanings.com/songs/view/3530822107858685424/,
8856,U2,No Line On The Horizon,https://songmeanings.com/songs/view/3530822107858762866/,
8857,U2,No Line On The Horizon 2,https://songmeanings.com/songs/view/3530822107858761953/,
8858,U2,North and South of the River,https://songmeanings.com/songs/view/3530822107858529380/,
8859,U2,Numb,https://songmeanings.com/songs/view/4012/,
8860,U2,October,https://songmeanings.com/songs/view/36770/,
8861,U2,Oh Berlin,https://songmeanings.com/songs/view/3530822107859420819/,
8862,U2,One,https://songmeanings.com/songs/view/3996/,
8863,U2,One Minute Warning,https://songmeanings.com/songs/view/3530822107858722701/,
8864,U2,One Step Closer,https://songmeanings.com/songs/view/3530822107858515086/,
8865,U2,One Tree Hill,https://songmeanings.com/songs/view/36841/,
8866,U2,Ordinary Love,https://songmeanings.com/songs/view/3530822107859472026/,
8867,U2,Original of the Species,https://songmeanings.com/songs/view/3530822107858515087/,
8868,U2,Out Of Control,https://songmeanings.com/songs/view/36745/,
8869,U2,Paint It Black (Rolling Stones cover),https://songmeanings.com/songs/view/3530822107858653772/,
8870,U2,Peace On Earth,https://songmeanings.com/songs/view/36931/,
8871,U2,Please,https://songmeanings.com/songs/view/13661/,
8872,U2,Pop Muzik,https://songmeanings.com/songs/view/3530822107858764668/,
8873,U2,Pride (In the Name of Love),https://songmeanings.com/songs/view/36803/,
8874,U2,Promenade,https://songmeanings.com/songs/view/36808/,
8875,U2,Race Against Time,https://songmeanings.com/songs/view/3530822107858972966/,
8876,U2,Raised by Wolves,https://songmeanings.com/songs/view/3530822107859490191/,
8877,U2,Red Flag Day,https://songmeanings.com/songs/view/3530822107859561712/,
8878,U2,Red Hill Mining Town,https://songmeanings.com/songs/view/36836/,
8879,U2,Red Light,https://songmeanings.com/songs/view/36795/,
8880,U2,Rejoice,https://songmeanings.com/songs/view/36763/,
8881,U2,Rise Above 1,https://songmeanings.com/songs/view/3530822107858870431/,
8882,U2,Rise Up,https://songmeanings.com/songs/view/3530822107858704027/,
8883,U2,Running To Stand Still,https://songmeanings.com/songs/view/36834/,
8884,U2,Salome,https://songmeanings.com/songs/view/3530822107858560022/,
8885,U2,Satellite of Love,https://songmeanings.com/songs/view/3530822107858908656/,
8886,U2,Saturday Night,https://songmeanings.com/songs/view/3530822107858751166/,
8887,U2,Scarlet,https://songmeanings.com/songs/view/36775/,
8888,U2,Seconds,https://songmeanings.com/songs/view/36782/,
8889,U2,Shadows And Tall Trees,https://songmeanings.com/songs/view/36753/,
8890,U2,She's a Mystery to Me,https://songmeanings.com/songs/view/121198/,
8891,U2,Silver And Gold,https://songmeanings.com/songs/view/36854/,
8892,U2,Sixty Seconds in Kingdom Come,https://songmeanings.com/songs/view/3530822107858751164/,
8893,U2,Sleep Like a Baby Tonight,https://songmeanings.com/songs/view/3530822107859490205/,
8894,U2,Sleep Like a Baby Tonight (Alternative Perspective Mix by Tchad Blake),https://songmeanings.com/songs/view/3530822107859491964/,
8895,U2,Slow Dancing,https://songmeanings.com/songs/view/3530822107858548888/,
8896,U2,Slug,https://songmeanings.com/songs/view/3530822107858565397/,
8897,U2,Smile,https://songmeanings.com/songs/view/3530822107858637790/,
8898,U2,So Cruel,https://songmeanings.com/songs/view/10203/,
8899,U2,Some Days Are Better Than Others,https://songmeanings.com/songs/view/4017/,
8900,U2,Sometimes You Can't Make It on Your Own,https://songmeanings.com/songs/view/3530822107858515080/,
8901,U2,Song for Someone,https://songmeanings.com/songs/view/3530822107859490121/,
8902,U2,Soon,https://songmeanings.com/songs/view/3530822107858831775/,
8903,U2,Spanish Eyes,https://songmeanings.com/songs/view/36937/,
8904,U2,Speed of Life,https://songmeanings.com/songs/view/3530822107859335242/,
8905,U2,Springhill Mining Disaster,https://songmeanings.com/songs/view/3530822107858787924/,
8906,U2,Stand By Me,https://songmeanings.com/songs/view/3530822107858787925/,
8907,U2,Stand Up Comedy,https://songmeanings.com/songs/view/3530822107858762863/,
8908,U2,Staring At The Sun,https://songmeanings.com/songs/view/13125/,
8909,U2,Stateless,https://songmeanings.com/songs/view/3530822107858519476/,
8910,U2,"Stay (Faraway, So Close!)",https://songmeanings.com/songs/view/4014/,
8911,U2,Stories For Boys,https://songmeanings.com/songs/view/36746/,
8912,U2,Stranded (Haiti Mon Amour),https://songmeanings.com/songs/view/3530822107859595013/,
8913,U2,Stranger In A Strange Land,https://songmeanings.com/songs/view/36773/,
8914,U2,Street Mission,https://songmeanings.com/songs/view/3530822107858653103/,
8915,U2,Stuck in a Moment You Can't Get Out Of,https://songmeanings.com/songs/view/36924/,
8916,U2,Summer of Love,https://songmeanings.com/songs/view/3530822107859561711/,
8917,U2,Summer Rain,https://songmeanings.com/songs/view/36949/,
8918,U2,Summer Wine,https://songmeanings.com/songs/view/3530822107858516006/,
8919,U2,Sunday Bloody Sunday,https://songmeanings.com/songs/view/36780/,
8920,U2,Surrender,https://songmeanings.com/songs/view/36796/,
8921,U2,Suspicious Minds,https://songmeanings.com/songs/view/3530822107858792648/,
8922,U2,Sweet Baby Jane,https://songmeanings.com/songs/view/3530822107859121911/,
8923,U2,Sweetest Thing,https://songmeanings.com/songs/view/15654/,
8924,U2,Take Me to the Clouds Above,https://songmeanings.com/songs/view/3530822107859210783/,
8925,U2,The Ballad of Ronnie Drew,https://songmeanings.com/songs/view/3530822107858751154/,
8926,U2,The Blackout,https://songmeanings.com/songs/view/3530822107859561718/,
8927,U2,The Crystal Ballroom,https://songmeanings.com/songs/view/3530822107859491960/,
8928,U2,The Dream Is Over,https://songmeanings.com/songs/view/3530822107859114891/,
8929,U2,The Electric Co.,https://songmeanings.com/songs/view/36752/,
8930,U2,The First Time,https://songmeanings.com/songs/view/4018/,
8931,U2,The Fly,https://songmeanings.com/songs/view/36870/,
8932,U2,The Fool,https://songmeanings.com/songs/view/3530822107858751171/,
8933,U2,The Ground Beneath Her Feet,https://songmeanings.com/songs/view/3458764513820562121/,
8934,U2,The Hands That Built America,https://songmeanings.com/songs/view/3530822107858519280/,
8935,U2,The Little Things That Give You Away,https://songmeanings.com/songs/view/3530822107859561715/,
8936,U2,The Lounge Fly Mix,https://songmeanings.com/songs/view/3530822107858751165/,
8937,U2,The Miracle (Of Joey Ramone),https://songmeanings.com/songs/view/3530822107859490208/,
8938,U2,The Ocean,https://songmeanings.com/songs/view/14523/,
8939,U2,The Playboy Mansion,https://songmeanings.com/songs/view/13657/,
8940,U2,The Refugee,https://songmeanings.com/songs/view/36791/,
8941,U2,The Saints Are Coming,https://songmeanings.com/songs/view/3530822107858632049/,
8942,U2,The Showman (Little More Better),https://songmeanings.com/songs/view/3530822107859561713/,
8943,U2,The Star Spangled Banner,https://songmeanings.com/songs/view/3530822107859154032/,
8944,U2,The Three Sunrises,https://songmeanings.com/songs/view/36955/,
8945,U2,The Troubles,https://songmeanings.com/songs/view/3530822107859490253/,
8946,U2,The Troubles (Alternative Version),https://songmeanings.com/songs/view/3530822107859491955/,
8947,U2,The Unforgettable Fire,https://songmeanings.com/songs/view/36807/,
8948,U2,The Wanderer,https://songmeanings.com/songs/view/4022/,
8949,U2,Things to Make and Do,https://songmeanings.com/songs/view/3530822107858751159/,
8950,U2,This Is Where You Can Reach Me Now,https://songmeanings.com/songs/view/3530822107859490252/,
8951,U2,Tomorrow,https://songmeanings.com/songs/view/36766/,
8952,U2,Tonight,https://songmeanings.com/songs/view/3530822107858787905/,
8953,U2,Touch,https://songmeanings.com/songs/view/3530822107859114890/,
8954,U2,Tower of Song (Leonard Cohen cover),https://songmeanings.com/songs/view/3530822107859303429/,
8955,U2,"Trash, Trampoline, and the Party Girl",https://songmeanings.com/songs/view/36953/,
8956,U2,Treasure (Whatever Happened to Pete the Chop),https://songmeanings.com/songs/view/3530822107858751162/,
8957,U2,Trevor,https://songmeanings.com/songs/view/3530822107858787904/,
8958,U2,Trip Through Your Wires,https://songmeanings.com/songs/view/3530822107858515362/,
8959,U2,Tryin' To Throw Your Arms Around The World,https://songmeanings.com/songs/view/10258/,
8960,U2,Twilight,https://songmeanings.com/songs/view/36743/,
8961,U2,Two Hearts Beat As One,https://songmeanings.com/songs/view/36792/,
8962,U2,"Two Shots Of Happy, One Shot Of Sad",https://songmeanings.com/songs/view/121199/,
8963,U2,Ultraviolet (Light My Way),https://songmeanings.com/songs/view/10307/,
8964,U2,Unchained Melody (Righteous Brothers cover),https://songmeanings.com/songs/view/36941/,
8965,U2,Unknown Caller,https://songmeanings.com/songs/view/3530822107858762862/,
8966,U2,Until The End Of The World,https://songmeanings.com/songs/view/36865/,
8967,U2,Van Diemen's Land,https://songmeanings.com/songs/view/36846/,
8968,U2,Vertigo,https://songmeanings.com/songs/view/3530822107858509399/,
8969,U2,Viva Davidoff,https://songmeanings.com/songs/view/3530822107858751161/,
8970,U2,Volcano,https://songmeanings.com/songs/view/3530822107859490209/,
8971,U2,Wake Up Dead Man,https://songmeanings.com/songs/view/13662/,
8972,U2,Walk On,https://songmeanings.com/songs/view/10208/,
8973,U2,Walk To The Water,https://songmeanings.com/songs/view/36942/,
8974,U2,Wave Of Sorrow (Birdland),https://songmeanings.com/songs/view/3530822107858694825/,
8975,U2,We Love You,https://songmeanings.com/songs/view/3530822107858787929/,
8976,U2,What's Going On,https://songmeanings.com/songs/view/3530822107858787926/,
8977,U2,When I Look At The World,https://songmeanings.com/songs/view/36932/,
8978,U2,When Love Comes To Town,https://songmeanings.com/songs/view/36858/,
8979,U2,When the Stars Go Blue (Ryan Adams cover),https://songmeanings.com/songs/view/3530822107858515250/,
8980,U2,Where Did It All Go Wrong?,https://songmeanings.com/songs/view/3530822107858655766/,
8981,U2,Where The Streets Have No Name,https://songmeanings.com/songs/view/3998/,
8982,U2,Whiskey In The Jar,https://songmeanings.com/songs/view/3530822107858705212/,
8983,U2,White As Snow,https://songmeanings.com/songs/view/3530822107858762871/,
8984,U2,Who's Gonna Ride Your Wild Horses,https://songmeanings.com/songs/view/10237/,
8985,U2,Whole Lotta Love,https://songmeanings.com/songs/view/3530822107858653773/,
8986,U2,Wild Honey,https://songmeanings.com/songs/view/10213/,
8987,U2,Wild Irish Rose,https://songmeanings.com/songs/view/121200/,
8988,U2,Wild Rover,https://songmeanings.com/songs/view/3530822107858787914/,
8989,U2,Window in the Skies,https://songmeanings.com/songs/view/3530822107858635081/,
8990,U2,Winter,https://songmeanings.com/songs/view/3530822107858766046/,
8991,U2,Wire,https://songmeanings.com/songs/view/36804/,
8992,U2,With a Shout (Jerusalem),https://songmeanings.com/songs/view/36771/,
8993,U2,With or Without You,https://songmeanings.com/songs/view/10206/,
8994,U2,Womanfish,https://songmeanings.com/songs/view/3530822107858787911/,
8995,U2,Xanax and Wine,https://songmeanings.com/songs/view/3530822107858528584/,
8996,U2,Yahweh,https://songmeanings.com/songs/view/3530822107858515088/,
8997,U2,Yoshino Blossom,https://songmeanings.com/songs/view/3530822107858873961/,
8998,U2,You Made Me The Thief Of Your Heart,https://songmeanings.com/songs/view/3530822107858787910/,
8999,U2,You're the Best Thing About Me,https://songmeanings.com/songs/view/3530822107859556299/,
